<?xml version="1.0" encoding="UTF-8"?>
<project-private xmlns="http://www.netbeans.org/ns/project-private/1">
    <editor-bookmarks xmlns="http://www.netbeans.org/ns/editor-bookmarks/2" lastBookmarkId="0"/>
    <open-files xmlns="http://www.netbeans.org/ns/projectui-open-files/2">
        <group>
            <file>file:/C:/Users/Biblioteca/Documents/TECNARAPP/src/Principal/Main.java</file>
            <file>file:/C:/Users/Biblioteca/Documents/TECNARAPP/src/Ventanas/FrmClientes.java</file>
            <file>file:/C:/Users/Biblioteca/Documents/TECNARAPP/src/Ventanas/FrmVentas.java</file>
            <file>file:/C:/Users/Biblioteca/Documents/TECNARAPP/src/Ventanas/FrmLogin.java</file>
            <file>file:/C:/Users/Biblioteca/Documents/TECNARAPP/src/Clases/Estudiantes.java</file>
            <file>file:/C:/Users/Biblioteca/Documents/TECNARAPP/src/Ventanas/FrmDashboard.java</file>
        </group>
    </open-files>
</project-private>
